URL,
https://link.hhtjim.com/163/1897927507.mp3,
https://link.hhtjim.com/163/2116.mp3,
https://link.hhtjim.com/163/65766.mp3,
https://link.hhtjim.com/163/25906124.mp3,
https://link.hhtjim.com/163/67467.mp3,
https://link.hhtjim.com/163/30612793.mp3,
https://link.hhtjim.com/163/1405283464.mp3,
https://link.hhtjim.com/163/449818741.mp3,
https://link.hhtjim.com/163/1412263970.mp3,
https://link.hhtjim.com/163/1299550532.mp3,
https://link.hhtjim.com/163/475479888.mp3,
https://link.hhtjim.com/163/1807799505.mp3,
https://link.hhtjim.com/163/441491828.mp3,
https://link.hhtjim.com/163/208891.mp3,
https://link.hhtjim.com/163/1959667345.mp3,
https://link.hhtjim.com/163/1867217766.mp3,
https://link.hhtjim.com/163/465921195.mp3,
https://link.hhtjim.com/163/1387581250.mp3,